date,agegroup,cases_unvac_rate_per100K,cases_partial_vac_rate_per100K,cases_notfull_vac_rate_per100K,cases_full_vac_rate_per100K,cases_boost_vac_rate_per100K,cases_unvac_rate_7ma,cases_partial_vac_rate_7ma,cases_notfull_vac_rate_7ma,cases_full_vac_rate_7ma,cases_boost_vac_rate_7ma
2021-09-13,0-11yrs,6.24,0,,0,,,,,,
2021-09-13,12-17yrs,13.11,1.92,,0.8,,,,,,
2021-09-13,18-39yrs,13.51,6.7,,2,,,,,,
2021-09-13,40-59yrs,10.91,6.04,,1.41,,,,,,
2021-09-13,60-79yrs,9.62,0,,0.49,,,,,,
2021-09-13,80+,13.64,0,,0.64,,,,,,
2021-09-13,ALL,9.58,5.02,,1.26,,,,,,
2021-09-14,0-11yrs,4.8,5.58,,0,,,,,,
2021-09-14,12-17yrs,17.33,5.86,,0.48,,,,,,
2021-09-14,18-39yrs,11.81,6.75,,2.09,,,,,,
2021-09-14,40-59yrs,11.26,7.98,,1.24,,,,,,
2021-09-14,60-79yrs,7.57,1.17,,0.61,,,,,,
2021-09-14,80+,13.76,0,,0.8,,,,,,
2021-09-14,ALL,8.64,6.21,,1.26,,,,,,
2021-09-15,0-11yrs,4.75,0,,0,,,,,,
2021-09-15,12-17yrs,12.9,1,,0.47,,,,,,
2021-09-15,18-39yrs,13.39,7.5,,2.25,,,,,,
2021-09-15,40-59yrs,9.65,4.28,,1.6,,,,,,
2021-09-15,60-79yrs,11.01,2.38,,0.65,,,,,,
2021-09-15,80+,5.56,0,,1.45,,,,,,
2021-09-15,ALL,8.65,5.11,,1.46,,,,,,
2021-09-16,0-11yrs,7.24,0,,0,,,,,,
2021-09-16,12-17yrs,13.96,7.06,,0.31,,,,,,
2021-09-16,18-39yrs,21.77,7.51,,3.59,,,,,,
2021-09-16,40-59yrs,15.77,6.69,,1.79,,,,,,
2021-09-16,60-79yrs,14.06,3.61,,1.4,,,,,,
2021-09-16,80+,16.84,0,,0.96,,,,,,
2021-09-16,ALL,13.3,6.54,,2.09,,,,,,
2021-09-17,0-11yrs,6.58,10.47,,0,,,,,,
2021-09-17,12-17yrs,17.47,3.05,,1.09,,,,,,
2021-09-17,18-39yrs,19.31,8.67,,2.99,,,,,,
2021-09-17,40-59yrs,10.85,4.31,,2.34,,,,,,
2021-09-17,60-79yrs,13.74,2.43,,1.33,,,,,,
2021-09-17,80+,0,0,,1.28,,,,,,
2021-09-17,ALL,11.54,6.19,,2.12,,,,,,
2021-09-18,0-11yrs,7.63,10.31,,0,,,,,,
2021-09-18,12-17yrs,19.63,4.09,,1.09,,,,,,
2021-09-18,18-39yrs,19.9,8.69,,3.24,,,,,,
2021-09-18,40-59yrs,12.17,7.24,,1.56,,,,,,
2021-09-18,60-79yrs,9.95,3.68,,1.48,,,,,,
2021-09-18,80+,8.6,0,,1.12,,,,,,
2021-09-18,ALL,12.34,7.16,,1.99,,,,,,
2021-09-19,0-11yrs,8.4,0,,0,,6.52,3.77,,0,
2021-09-19,12-17yrs,12.09,5.13,,1.08,,15.21,4.02,,0.76,
2021-09-19,18-39yrs,15.16,6.85,,2.19,,16.41,7.52,,2.62,
2021-09-19,40-59yrs,11.46,3.4,,1.75,,11.72,5.71,,1.67,
2021-09-19,60-79yrs,13.05,3.71,,1.29,,11.29,2.43,,1.04,
2021-09-19,80+,11.56,0,,2.08,,9.99,0,,1.19,
2021-09-19,ALL,11.14,5.19,,1.74,,10.74,5.92,,1.7,
2021-09-20,0-11yrs,6.58,5.11,,0,,6.57,4.5,,0,
2021-09-20,12-17yrs,11.19,5.14,,1.08,,14.94,4.48,,0.8,
2021-09-20,18-39yrs,11.89,5.92,,2.05,,16.18,7.41,,2.63,
2021-09-20,40-59yrs,11.34,3.41,,1.39,,11.79,5.33,,1.67,
2021-09-20,60-79yrs,10.04,6.2,,1.13,,11.35,3.31,,1.13,
2021-09-20,80+,8.73,0,,1.44,,9.29,0,,1.3,
2021-09-20,ALL,9.19,5.09,,1.51,,10.69,5.93,,1.74,
2021-09-21,0-11yrs,5.69,0,,0,,6.7,3.7,,0,
2021-09-21,12-17yrs,12.22,4.12,,0.77,,14.21,4.23,,0.84,
2021-09-21,18-39yrs,12.73,4.74,,1.82,,16.31,7.13,,2.59,
2021-09-21,40-59yrs,9.5,2.44,,1.46,,11.53,4.54,,1.7,
2021-09-21,60-79yrs,13.14,4.97,,0.98,,12.14,3.85,,1.18,
2021-09-21,80+,8.81,0,,1.28,,8.59,0,,1.37,
2021-09-21,ALL,8.93,3.91,,1.39,,10.73,5.6,,1.76,
2021-09-22,0-11yrs,4.7,0,,0,,6.69,3.7,,0,
2021-09-22,12-17yrs,10.87,2.06,,0.77,,13.92,4.38,,0.88,
2021-09-22,18-39yrs,9.97,3.09,,1.78,,15.82,6.5,,2.52,
2021-09-22,40-59yrs,7.52,2.45,,1.07,,11.23,4.28,,1.62,
2021-09-22,60-79yrs,9.27,1.25,,1.02,,11.89,3.69,,1.23,
2021-09-22,80+,5.95,0,,1.76,,8.64,0,,1.42,
2021-09-22,ALL,7.1,2.5,,1.3,,10.51,5.23,,1.73,
2021-09-23,0-11yrs,7.57,0,,0,,6.74,3.7,,0,
2021-09-23,12-17yrs,18.45,2.07,,0.31,,14.56,3.67,,0.88,
2021-09-23,18-39yrs,14.8,5.46,,1.78,,14.82,6.2,,2.26,
2021-09-23,40-59yrs,12.31,4.94,,1.71,,10.74,4.03,,1.61,
2021-09-23,60-79yrs,11.57,5.05,,1.21,,11.54,3.9,,1.21,
2021-09-23,80+,24.08,10.04,,0.96,,9.68,1.43,,1.42,
2021-09-23,ALL,11.12,4.89,,1.46,,10.19,4.99,,1.64,
2021-09-24,0-11yrs,7.36,0,,0,,6.85,2.2,,0,
2021-09-24,12-17yrs,22.05,7.22,,1.22,,15.21,4.26,,0.9,
2021-09-24,18-39yrs,15.31,6.43,,2.19,,14.25,5.88,,2.15,
2021-09-24,40-59yrs,14.81,10.94,,1.93,,11.3,4.97,,1.55,
2021-09-24,60-79yrs,14.92,0,,0.87,,11.71,3.55,,1.14,
2021-09-24,80+,63.69,0,,1.76,,18.77,1.43,,1.49,
2021-09-24,ALL,11.93,6.71,,1.67,,10.25,5.06,,1.58,
2021-09-25,0-11yrs,6.06,5.48,,0,,6.62,1.51,,0,
2021-09-25,12-17yrs,15,3.12,,1.06,,14.55,4.12,,0.9,
2021-09-25,18-39yrs,14.54,6.95,,1.83,,13.49,5.63,,1.95,
2021-09-25,40-59yrs,12.17,5.02,,1.73,,11.3,4.66,,1.58,
2021-09-25,60-79yrs,9.05,3.86,,1.13,,11.58,3.58,,1.09,
2021-09-25,80+,22.08,0,,1.12,,20.7,1.43,,1.49,
2021-09-25,ALL,9.92,5.56,,1.52,,9.9,4.84,,1.51,
2021-09-26,0-11yrs,7.3,5.68,,0,,6.47,2.32,,0,
2021-09-26,12-17yrs,14.63,2.1,,1.36,,14.92,3.69,,0.94,
2021-09-26,18-39yrs,15.35,6.03,,2.17,,13.51,5.52,,1.95,
2021-09-26,40-59yrs,10.34,4.55,,1.6,,11.14,4.82,,1.56,
2021-09-26,60-79yrs,14.58,2.59,,0.79,,11.8,3.42,,1.02,
2021-09-26,80+,45.57,0,,0.96,,25.56,1.43,,1.33,
2021-09-26,ALL,10.71,4.74,,1.51,,9.84,4.77,,1.48,
2021-09-27,0-11yrs,7.02,0,,0,,6.53,1.59,,0,
2021-09-27,12-17yrs,13.21,4.19,,0.91,,15.2,3.55,,0.91,
2021-09-27,18-39yrs,12.53,4.6,,2.07,,13.6,5.33,,1.95,
2021-09-27,40-59yrs,8.64,3.55,,1.57,,10.76,4.84,,1.58,
2021-09-27,60-79yrs,14.65,6.5,,1.09,,12.45,3.46,,1.01,
2021-09-27,80+,23.39,0,,1.59,,27.65,1.43,,1.35,
2021-09-27,ALL,9.43,4.27,,1.56,,9.88,4.65,,1.49,
2021-09-28,0-11yrs,4.15,5.87,,0,,6.31,2.43,,0,
2021-09-28,12-17yrs,11.32,3.14,,1.21,,15.08,3.41,,0.98,
2021-09-28,18-39yrs,10.24,3.64,,1.56,,13.25,5.17,,1.91,
2021-09-28,40-59yrs,9.72,4.08,,1.38,,10.79,5.08,,1.57,
2021-09-28,60-79yrs,14.17,0,,0.49,,12.6,2.75,,0.94,
2021-09-28,80+,24.26,5.13,,0.96,,29.86,2.17,,1.3,
2021-09-28,ALL,7.49,3.31,,1.16,,9.67,4.57,,1.45,
2021-09-29,0-11yrs,4.32,12,,0,,6.25,4.15,,0,
2021-09-29,12-17yrs,10.93,7.34,,0.6,,15.08,4.17,,0.95,
2021-09-29,18-39yrs,11.9,3.66,,1.27,,13.52,5.25,,1.84,
2021-09-29,40-59yrs,11.89,4.63,,1.6,,11.41,5.39,,1.65,
2021-09-29,60-79yrs,11.82,3.96,,0.68,,12.97,3.14,,0.89,
2021-09-29,80+,25.41,0,,0.48,,32.64,2.17,,1.12,
2021-09-29,ALL,8.2,4.44,,1.12,,9.83,4.85,,1.43,
2021-09-30,0-11yrs,7.02,0,,0,,6.18,4.15,,0,
2021-09-30,12-17yrs,15.04,5.26,,0.45,,14.6,4.62,,0.97,
2021-09-30,18-39yrs,13.9,4.9,,1.93,,13.4,5.17,,1.86,
2021-09-30,40-59yrs,15.5,6.73,,1.66,,11.87,5.64,,1.64,
2021-09-30,60-79yrs,18.87,1.33,,1.09,,14.01,2.61,,0.88,
2021-09-30,80+,26.61,0,,0.95,,33,0.73,,1.12,
2021-09-30,ALL,11.11,4.84,,1.47,,9.83,4.84,,1.43,
2021-10-01,0-11yrs,6.12,0,,0,,6,4.15,,0,
2021-10-01,12-17yrs,10.61,3.17,,1.05,,12.96,4.05,,0.95,
2021-10-01,18-39yrs,15.72,5.67,,1.8,,13.45,5.06,,1.8,
2021-10-01,40-59yrs,15.6,4.69,,1.78,,11.98,4.75,,1.62,
2021-10-01,60-79yrs,15.87,4.03,,1.42,,14.14,3.18,,0.96,
2021-10-01,80+,41.92,5.19,,1.27,,29.89,1.47,,1.05,
2021-10-01,ALL,10.79,4.87,,1.61,,9.66,4.58,,1.42,
2021-10-02,0-11yrs,7.58,0,,0,,6.22,3.36,,0,
2021-10-02,12-17yrs,17.32,7.5,,0.74,,13.29,4.67,,0.9,
2021-10-02,18-39yrs,15.21,7.46,,2.42,,13.55,5.14,,1.89,
2021-10-02,40-59yrs,12.14,1.58,,2,,11.98,4.26,,1.66,
2021-10-02,60-79yrs,12.18,5.43,,1.46,,14.59,3.41,,1,
2021-10-02,80+,44.07,0,,2.22,,33.03,1.47,,1.2,
2021-10-02,ALL,11.03,5.55,,1.92,,9.82,4.57,,1.48,
2021-10-03,0-11yrs,5.33,0,,0,,5.93,2.55,,0,
2021-10-03,12-17yrs,10.26,8.69,,0.74,,12.67,5.61,,0.81,
2021-10-03,18-39yrs,10.24,4.26,,1.91,,12.82,4.88,,1.85,
2021-10-03,40-59yrs,11.48,6.37,,2.03,,12.14,4.52,,1.72,
2021-10-03,60-79yrs,10.97,1.37,,1.24,,14.08,3.23,,1.07,
2021-10-03,80+,76.76,0,,1.59,,37.49,1.47,,1.29,
2021-10-03,ALL,8.17,4.84,,1.68,,9.46,4.59,,1.5,
2021-10-04,0-11yrs,5.61,0,,0,,5.73,2.55,,0,
2021-10-04,12-17yrs,9.26,2.19,,0.74,,12.11,5.33,,0.79,
2021-10-04,18-39yrs,10.17,3.02,,1.53,,12.48,4.66,,1.77,
2021-10-04,40-59yrs,12.04,3.73,,1.36,,12.62,4.54,,1.69,
2021-10-04,60-79yrs,15.56,0,,1.16,,14.21,2.3,,1.08,
2021-10-04,80+,111.6,0,,1.74,,50.09,1.47,,1.32,
2021-10-04,ALL,8.57,2.69,,1.34,,9.34,4.36,,1.47,
2021-10-05,0-11yrs,4.71,0,,0,,5.81,1.71,,0,
2021-10-05,12-17yrs,10.35,3.29,,1.48,,11.97,5.35,,0.83,
2021-10-05,18-39yrs,7.52,4.05,,1.84,,12.09,4.72,,1.81,
2021-10-05,40-59yrs,7.23,4.3,,1.14,,12.27,4.58,,1.65,
2021-10-05,60-79yrs,10.47,0,,0.67,,13.68,2.3,,1.1,
2021-10-05,80+,66.97,0,,0.79,,56.19,0.74,,1.29,
2021-10-05,ALL,6.46,3.48,,1.24,,9.19,4.39,,1.48,
2021-10-06,0-11yrs,4.55,0,,0,,5.85,0,,0,
2021-10-06,12-17yrs,14.09,0,,0.29,,12.42,4.3,,0.78,
2021-10-06,18-39yrs,10.36,1.28,,1.3,,11.87,4.38,,1.82,
2021-10-06,40-59yrs,11.29,3.8,,1.9,,12.18,4.46,,1.7,
2021-10-06,60-79yrs,19.19,1.4,,1.34,,14.73,1.94,,1.2,
2021-10-06,80+,17.73,0,,0.16,,55.09,0.74,,1.25,
2021-10-06,ALL,8.2,1.69,,1.36,,9.19,3.99,,1.52,
2021-10-07,0-11yrs,6.12,0,,0,,5.72,0,,0,
2021-10-07,12-17yrs,16.32,5.58,,0.44,,12.6,4.35,,0.78,
2021-10-07,18-39yrs,12.37,3.37,,2.01,,11.66,4.16,,1.83,
2021-10-07,40-59yrs,11.75,2.75,,1.7,,11.65,3.89,,1.7,
2021-10-07,60-79yrs,22.77,2.82,,1.31,,15.29,2.15,,1.23,
2021-10-07,80+,0,10.61,,1.11,,51.29,2.26,,1.27,
2021-10-07,ALL,9.78,3.56,,1.58,,9,3.81,,1.53,
2021-10-08,0-11yrs,5.16,9.47,,0,,5.58,1.35,,0,
2021-10-08,12-17yrs,11.16,3.39,,1.17,,12.68,4.38,,0.8,
2021-10-08,18-39yrs,10.14,5,,2.18,,10.86,4.06,,1.88,
2021-10-08,40-59yrs,10.36,4.45,,2.02,,10.9,3.85,,1.74,
2021-10-08,60-79yrs,25.72,2.85,,1.6,,16.69,1.98,,1.25,
2021-10-08,80+,61.19,0,,0.95,,54.05,1.52,,1.22,
2021-10-08,ALL,8.45,4.41,,1.84,,8.67,3.75,,1.57,
2021-10-09,0-11yrs,7.24,0,,0,,5.53,1.35,,0,
2021-10-09,12-17yrs,20.39,2.32,,0.44,,13.12,3.64,,0.76,
2021-10-09,18-39yrs,14.46,4.29,,2.69,,10.75,3.61,,1.92,
2021-10-09,40-59yrs,10.07,5.66,,1.89,,10.6,4.44,,1.72,
2021-10-09,60-79yrs,21.2,2.89,,1.19,,17.98,1.62,,1.22,
2021-10-09,80+,131.8,5.37,,1.11,,66.58,2.28,,1.06,
2021-10-09,ALL,10.9,4.09,,1.82,,8.65,3.54,,1.55,
2021-10-10,0-11yrs,5.05,10.98,,0,,5.49,2.92,,0,
2021-10-10,12-17yrs,24.38,2.37,,1.16,,15.14,2.73,,0.82,
2021-10-10,18-39yrs,10.68,5.45,,1.49,,10.81,3.78,,1.86,
2021-10-10,40-59yrs,12.57,3.44,,1.73,,10.76,4.02,,1.68,
2021-10-10,60-79yrs,14.48,0,,1.12,,18.48,1.42,,1.2,
2021-10-10,80+,70.24,0,,0.79,,65.65,2.28,,0.95,
2021-10-10,ALL,9.06,4.01,,1.4,,8.77,3.42,,1.51,
2021-10-11,0-11yrs,4.32,0,,0,,5.31,2.92,,0,
2021-10-11,12-17yrs,14.14,3.58,,0.43,,15.83,2.93,,0.77,
2021-10-11,18-39yrs,7.73,3.57,,1.25,,10.47,3.86,,1.82,
2021-10-11,40-59yrs,14.3,1.73,,1.32,,11.08,3.73,,1.67,
2021-10-11,60-79yrs,19.41,2.92,,1.3,,19.03,1.84,,1.22,
2021-10-11,80+,124.6,0,,0.63,,67.5,2.28,,0.79,
2021-10-11,ALL,7.94,2.93,,1.19,,8.68,3.45,,1.49,
2021-10-12,0-11yrs,4.26,0,,0,,5.24,2.92,,0,
2021-10-12,12-17yrs,10.4,2.4,,0.14,,15.84,2.81,,0.58,
2021-10-12,18-39yrs,6.85,1.94,,1.27,,10.37,3.56,,1.74,
2021-10-12,40-59yrs,7.94,2.9,,1.38,,11.18,3.53,,1.71,
2021-10-12,60-79yrs,11.88,1.47,,1.26,,19.24,2.05,,1.3,
2021-10-12,80+,53.62,0,,1.42,,65.6,2.28,,0.88,
2021-10-12,ALL,6.14,2.11,,1.24,,8.64,3.26,,1.49,
2021-10-13,0-11yrs,3.81,0,,0,,5.14,2.92,,0,
2021-10-13,12-17yrs,9.38,3.65,,1,,15.17,3.33,,0.68,
2021-10-13,18-39yrs,5.74,1.4,,1.12,,9.71,3.57,,1.72,
2021-10-13,40-59yrs,5.52,3.52,,1.13,,10.36,3.49,,1.6,
2021-10-13,60-79yrs,7.78,0,,0.67,,17.61,1.85,,1.21,
2021-10-13,80+,89.18,0,,0.95,,75.8,2.28,,0.99,
2021-10-13,ALL,5.08,1.99,,0.99,,8.19,3.3,,1.44,
2021-10-14,0-11yrs,3.31,0,,9.09,,4.74,2.92,,1.3,
2021-10-14,12-17yrs,10.57,2.47,,0.14,,14.35,2.88,,0.64,
2021-10-14,18-39yrs,8.27,1.14,,1.41,,9.12,3.26,,1.63,
2021-10-14,40-59yrs,10.15,4.74,,1.47,,10.13,3.78,,1.56,
2021-10-14,60-79yrs,15.71,2.99,,1.37,,16.6,1.87,,1.22,
2021-10-14,80+,164.6,0,,2.05,,99.32,0.77,,1.13,
2021-10-14,ALL,6.56,2.3,,1.38,,7.73,3.12,,1.41,
2021-10-15,0-11yrs,4.43,0,,0,,4.63,1.57,,1.3,
2021-10-15,12-17yrs,14,6.25,,0.85,,14.75,3.29,,0.59,
2021-10-15,18-39yrs,11.9,1.73,,2.04,,9.38,2.79,,1.61,
2021-10-15,40-59yrs,9.24,4.79,,1.56,,9.97,3.83,,1.5,
2021-10-15,60-79yrs,19.45,1.51,,1.08,,15.7,1.68,,1.14,
2021-10-15,80+,36.35,0,,1.42,,95.77,0.77,,1.2,
2021-10-15,ALL,8.09,2.91,,1.53,,7.68,2.91,,1.36,
2021-10-16,0-11yrs,4.88,0,,0,,4.29,1.57,,1.3,
2021-10-16,12-17yrs,13.54,5.12,,0.85,,13.77,3.69,,0.65,
2021-10-16,18-39yrs,10.31,2.05,,1.91,,8.78,2.47,,1.5,
2021-10-16,40-59yrs,10.85,5.48,,1.74,,10.08,3.8,,1.48,
2021-10-16,60-79yrs,17.46,3.04,,1.15,,15.17,1.7,,1.14,
2021-10-16,80+,207.3,0,,0,,106.6,0,,1.04,
2021-10-16,ALL,8.17,3.26,,1.48,,7.29,2.79,,1.32,
2021-10-17,0-11yrs,4.21,0,,0,,4.17,0,,1.3,
2021-10-17,12-17yrs,12.5,6.53,,0.85,,12.08,4.29,,0.61,
2021-10-17,18-39yrs,9.16,2.97,,1.31,,8.57,2.11,,1.47,
2021-10-17,40-59yrs,7.39,1.23,,1.49,,9.34,3.48,,1.44,
2021-10-17,60-79yrs,10.99,3.07,,1.63,,14.67,2.14,,1.21,
2021-10-17,80+,231.8,5.49,,2.05,,129.6,0.78,,1.22,
2021-10-17,ALL,6.71,3.01,,1.46,,6.96,2.64,,1.32,
2021-10-18,0-11yrs,4.21,0,,0,,4.16,0,,1.3,
2021-10-18,12-17yrs,10.83,3.96,,0.14,,11.6,4.34,,0.57,
2021-10-18,18-39yrs,6.53,2.4,,1.13,,8.39,1.95,,1.46,
2021-10-18,40-59yrs,8.77,2.48,,1.4,,8.55,3.59,,1.45,
2021-10-18,60-79yrs,15.45,1.54,,0.74,,14.1,1.95,,1.13,
2021-10-18,80+,0,5.5,,0.63,,111.8,1.57,,1.22,
2021-10-18,ALL,6.23,2.57,,1.02,,6.71,2.59,,1.3,
2021-10-19,0-11yrs,3.98,0,,0,,4.12,0,,1.3,
2021-10-19,12-17yrs,8.02,1.34,,0.28,,11.26,4.19,,0.59,
2021-10-19,18-39yrs,6.33,1.82,,1.31,,8.32,1.93,,1.46,
2021-10-19,40-59yrs,5.68,3.75,,1.12,,8.23,3.71,,1.42,
2021-10-19,60-79yrs,8.16,4.64,,0.78,,13.57,2.4,,1.06,
2021-10-19,80+,0,0,,0.31,,104.2,1.57,,1.06,
2021-10-19,ALL,5.16,2.45,,0.99,,6.57,2.64,,1.26,
2021-10-20,0-11yrs,3.2,0,,0,,4.03,0,,1.3,
2021-10-20,12-17yrs,6.92,2.71,,0.56,,10.91,4.05,,0.52,
2021-10-20,18-39yrs,8.34,2.46,,1.04,,8.69,2.08,,1.45,
2021-10-20,40-59yrs,9.06,1.27,,1.02,,8.73,3.39,,1.4,
2021-10-20,60-79yrs,9,0,,0.48,,13.75,2.4,,1.03,
2021-10-20,80+,224.2,5.54,,0,,123.5,2.36,,0.92,
2021-10-20,ALL,5.8,1.55,,0.79,,6.67,2.58,,1.24,
2021-10-21,0-11yrs,4.15,17.23,,0,,4.15,2.46,,0,
2021-10-21,12-17yrs,11.61,5.5,,0.7,,11.06,4.49,,0.6,
2021-10-21,18-39yrs,8.52,1.56,,1.42,,8.73,2.14,,1.45,
2021-10-21,40-59yrs,8.51,2.56,,1.76,,8.5,3.08,,1.44,
2021-10-21,60-79yrs,12.12,1.58,,1,,13.23,2.2,,0.98,
2021-10-21,80+,388.7,0,,0.47,,155.5,2.36,,0.7,
2021-10-21,ALL,6.64,2.35,,1.31,,6.69,2.59,,1.23,
2021-10-22,0-11yrs,4.93,0,,0,,4.22,2.46,,0,
2021-10-22,12-17yrs,7.01,2.79,,0.97,,10.06,3.99,,0.62,
2021-10-22,18-39yrs,8.46,4.41,,1.94,,8.24,2.52,,1.44,
2021-10-22,40-59yrs,11.36,1.94,,1.79,,8.8,2.67,,1.47,
2021-10-22,60-79yrs,15.32,1.59,,1.22,,12.64,2.21,,1,
2021-10-22,80+,447.8,5.61,,0.47,,214.3,3.16,,0.56,
2021-10-22,ALL,7.31,3.33,,1.56,,6.57,2.65,,1.23,
2021-10-23,0-11yrs,3.98,0,,0,,4.09,2.46,,0,
2021-10-23,12-17yrs,10,5.71,,0.55,,9.56,4.08,,0.58,
2021-10-23,18-39yrs,7.9,2.88,,1.44,,7.89,2.64,,1.37,
2021-10-23,40-59yrs,9.83,1.96,,1.29,,8.66,2.17,,1.41,
2021-10-23,60-79yrs,6.2,1.61,,0.41,,11.03,2,,0.89,
2021-10-23,80+,533.3,5.63,,0.47,,260.8,3.97,,0.63,
2021-10-23,ALL,6.21,2.9,,1.02,,6.29,2.59,,1.16,
2021-10-24,0-11yrs,4.31,0,,0,,4.11,2.46,,0,
2021-10-24,12-17yrs,8.29,4.36,,0,,8.95,3.77,,0.46,
2021-10-24,18-39yrs,6.3,3.24,,1.26,,7.48,2.68,,1.36,
2021-10-24,40-59yrs,6.85,5.94,,1.45,,8.58,2.84,,1.4,
2021-10-24,60+,11.69,0,,0.99,,11.69,0,,0.99,
2021-10-24,ALL,5.64,3.58,,1.14,,6.14,2.68,,1.12,
2022-03-11,0-4yrs,,,9.27,0,0,,,,,
2022-03-11,12-17yrs,,,3.14,16.45,8.92,,,,,
2022-03-11,18-39yrs,,,10.59,15.35,19.48,,,,,
2022-03-11,40-59yrs,,,10.11,13.35,18.48,,,,,
2022-03-11,5-11yrs,,,7.58,19.4,0,,,,,
2022-03-11,60+,,,26.2,8.79,6.62,,,,,
2022-03-11,ALL,,,9.58,14.5,13.76,,,,,
2022-03-12,0-4yrs,,,6.5,0,0,,,,,
2022-03-12,12-17yrs,,,3.14,14.93,17.53,,,,,
2022-03-12,18-39yrs,,,10.45,14.1,23.05,,,,,
2022-03-12,40-59yrs,,,7.42,11.63,15.49,,,,,
2022-03-12,5-11yrs,,,7.76,11.92,0,,,,,
2022-03-12,60+,,,29.08,11.18,7.39,,,,,
2022-03-12,ALL,,,8.57,13.09,14.18,,,,,
2022-03-13,0-4yrs,,,7.19,0,0,,,,,
2022-03-13,12-17yrs,,,6.29,11.87,8.45,,,,,
2022-03-13,18-39yrs,,,5.38,10.3,17.43,,,,,
2022-03-13,40-59yrs,,,5.18,9.1,13.51,,,,,
2022-03-13,5-11yrs,,,5.63,12.59,0,,,,,
2022-03-13,60+,,,20.12,6.45,6.4,,,,,
2022-03-13,ALL,,,6.5,9.92,11.56,,,,,
2022-03-14,0-4yrs,,,6.78,0,0,,,,,
2022-03-14,12-17yrs,,,3.77,10.08,11.22,,,,,
2022-03-14,18-39yrs,,,5.08,5.69,12.23,,,,,
2022-03-14,40-59yrs,,,4.5,6.39,10.1,,,,,
2022-03-14,5-11yrs,,,5.22,12.24,0,,,,,
2022-03-14,60+,,,12.87,4.25,4.09,,,,,
2022-03-14,ALL,,,5.69,6.79,8.22,,,,,
2022-03-15,0-4yrs,,,6.36,0,0,,,,,
2022-03-15,12-17yrs,,,4.41,6.98,3.98,,,,,
2022-03-15,18-39yrs,,,5.08,5.69,11.67,,,,,
2022-03-15,40-59yrs,,,4.05,5.76,9.04,,,,,
2022-03-15,5-11yrs,,,4.96,9.64,0,,,,,
2022-03-15,60+,,,12.02,5.45,3.85,,,,,
2022-03-15,ALL,,,5.45,6.15,7.53,,,,,
2022-03-16,0-4yrs,,,7.33,0,0,,,,,
2022-03-16,12-17yrs,,,2.52,11.74,8.67,,,,,
2022-03-16,18-39yrs,,,9.1,12.33,22.71,,,,,
2022-03-16,40-59yrs,,,6.31,13.93,17.89,,,,,
2022-03-16,5-11yrs,,,5.66,14.1,0,,,,,
2022-03-16,60+,,,27.96,9.38,7.83,,,,,
2022-03-16,ALL,,,7.66,12.43,14.9,,,,,
2022-03-17,0-4yrs,,,10.1,0,0,,,7.65,0,0
2022-03-17,12-17yrs,,,12.6,12.21,9.39,,,5.12,12.04,9.74
2022-03-17,18-39yrs,,,12.51,20.6,24.91,,,8.31,12.01,18.78
2022-03-17,40-59yrs,,,8.34,19.23,17.56,,,6.56,11.34,14.58
2022-03-17,5-11yrs,,,8.86,12.91,0,,,6.52,13.26,0
2022-03-17,60+,,,29.92,11.8,8,,,22.6,8.19,6.31
2022-03-17,ALL,,,10.96,17.46,15.46,,,7.77,11.48,12.23
2022-03-18,0-4yrs,,,5.81,0,0,,,7.15,0,0
2022-03-18,12-17yrs,,,6.93,9.37,10.08,,,5.67,11.03,9.9
2022-03-18,18-39yrs,,,13.3,20.28,27.81,,,8.7,12.71,19.97
2022-03-18,40-59yrs,,,10.15,14.12,19.32,,,6.56,11.45,14.7
2022-03-18,5-11yrs,,,8.47,13.39,0,,,6.65,12.4,0
2022-03-18,60+,,,38.47,12.69,9.11,,,24.35,8.74,6.67
2022-03-18,ALL,,,10.22,15.77,17.23,,,7.86,11.66,12.73
2022-03-19,0-4yrs,,,8.02,0,0,,,7.37,0,0
2022-03-19,12-17yrs,,,8.84,9.42,6.2,,,6.48,10.24,8.28
2022-03-19,18-39yrs,,,12.85,12.66,23.75,,,9.04,12.51,20.07
2022-03-19,40-59yrs,,,9.26,10.69,15.22,,,6.83,11.32,14.66
2022-03-19,5-11yrs,,,5.86,7.19,0,,,6.38,11.72,0
2022-03-19,60+,,,28.25,7.91,7.99,,,24.23,8.28,6.75
2022-03-19,ALL,,,9.59,10.74,14.36,,,8.01,11.32,12.75
2022-03-20,0-4yrs,,,5.81,0,0,,,7.17,0,0
2022-03-20,12-17yrs,,,9.48,8.89,10.24,,,6.94,9.81,8.54
2022-03-20,18-39yrs,,,8.06,9.42,19.98,,,9.43,12.38,20.44
2022-03-20,40-59yrs,,,7.45,9.49,15.89,,,7.15,11.37,15
2022-03-20,5-11yrs,,,4.63,10.66,0,,,6.24,11.45,0
2022-03-20,60+,,,23.61,7.4,7.46,,,24.73,8.41,6.9
2022-03-20,ALL,,,7.17,9.22,13.43,,,8.11,11.22,13.02
2022-03-21,0-4yrs,,,5.95,0,0,,,7.05,0,0
2022-03-21,12-17yrs,,,2.53,5.84,4.22,,,6.76,9.21,7.54
2022-03-21,18-39yrs,,,4.65,6.91,14.89,,,9.36,12.56,20.82
2022-03-21,40-59yrs,,,5.65,5.71,10.09,,,7.32,11.28,15
2022-03-21,5-11yrs,,,5.34,6.81,0,,,6.25,10.67,0
2022-03-21,60+,,,33.18,3.27,4.5,,,27.63,8.27,6.96
2022-03-21,ALL,,,6.28,6.02,8.97,,,8.19,11.11,13.13
2022-03-22,0-4yrs,,,4.56,0,0,,,6.8,0,0
2022-03-22,12-17yrs,,,5.05,6.58,10.05,,,6.85,9.15,8.41
2022-03-22,18-39yrs,,,8.53,8.93,17.53,,,9.86,13.02,21.65
2022-03-22,40-59yrs,,,7.45,7.97,10.49,,,7.8,11.59,15.21
2022-03-22,5-11yrs,,,6.05,9.79,0,,,6.41,10.69,0
2022-03-22,60+,,,37.25,5.69,5.64,,,31.23,8.31,7.22
2022-03-22,ALL,,,7.58,8.04,10.36,,,8.49,11.38,13.53
2022-03-23,0-4yrs,,,7.47,0,0,,,6.82,0,0
2022-03-23,12-17yrs,,,6.32,10.56,16.5,,,7.39,8.98,9.53
2022-03-23,18-39yrs,,,10.25,11.95,22.97,,,10.02,12.96,21.69
2022-03-23,40-59yrs,,,7.91,12.65,19.8,,,8.03,11.41,15.48
2022-03-23,5-11yrs,,,6.2,12.19,0,,,6.49,10.42,0
2022-03-23,60+,,,24.03,7.77,8.84,,,30.67,8.08,7.36
2022-03-23,ALL,,,8.41,11.46,16.11,,,8.6,11.24,13.7
2022-03-24,0-4yrs,,,8.02,0,0,,,6.52,0,0
2022-03-24,12-17yrs,,,6.32,9.41,15.46,,,6.5,8.58,10.39
2022-03-24,18-39yrs,,,12.59,15.36,34.4,,,10.03,12.22,23.05
2022-03-24,40-59yrs,,,9.04,13.39,20.06,,,8.13,10.57,15.84
2022-03-24,5-11yrs,,,7.63,12.66,0,,,6.31,10.38,0
2022-03-24,60+,,,28.92,11.77,10.72,,,30.53,8.07,7.75
2022-03-24,ALL,,,9.83,13.41,19.94,,,8.44,10.67,14.34
2022-03-25,0-4yrs,,,9.13,0,0,,,6.99,0,0
2022-03-25,12-17yrs,,,6.32,14.15,11.23,,,6.41,9.26,10.56
2022-03-25,18-39yrs,,,14.16,17.59,38.19,,,10.16,11.83,24.53
2022-03-25,40-59yrs,,,10.41,13.73,22.48,,,8.17,10.52,16.29
2022-03-25,5-11yrs,,,6.1,14.47,0,,,5.97,10.54,0
2022-03-25,60+,,,33.84,10.06,11.02,,,29.87,7.7,8.02
2022-03-25,ALL,,,10.49,15.01,21.74,,,8.48,10.56,14.99
2022-03-26,0-4yrs,,,10.37,0,0,,,7.33,0,0
2022-03-26,12-17yrs,,,5.06,14.2,14.14,,,5.87,9.95,11.69
2022-03-26,18-39yrs,,,12.93,16.52,35.56,,,10.17,12.38,26.22
2022-03-26,40-59yrs,,,8.6,15.28,24.08,,,8.07,11.17,17.56
2022-03-26,5-11yrs,,,7.69,13.3,0,,,6.23,11.41,0
2022-03-26,60+,,,30.07,10.94,10.57,,,30.13,8.13,8.39
2022-03-26,ALL,,,10.43,14.98,21.42,,,8.6,11.16,16
2022-03-27,0-4yrs,,,9.68,0,0,,,7.88,0,0
2022-03-27,12-17yrs,,,5.7,10.7,14.54,,,5.33,10.21,12.31
2022-03-27,18-39yrs,,,8.57,11.88,25.51,,,10.24,12.73,27.01
2022-03-27,40-59yrs,,,7.47,11.98,19.7,,,8.08,11.53,18.1
2022-03-27,5-11yrs,,,7.58,13.96,0,,,6.66,11.88,0
2022-03-27,60+,,,30.13,8.17,9.59,,,31.06,8.24,8.7
2022-03-27,ALL,,,9.07,11.47,17.02,,,8.87,11.48,16.51
2022-03-28,0-4yrs,,,8.58,0,0,,,8.26,0,0
2022-03-28,12-17yrs,,,4.43,10.87,6.81,,,5.6,10.92,12.68
2022-03-28,18-39yrs,,,6.23,8.86,21.14,,,10.47,13.01,27.9
2022-03-28,40-59yrs,,,7.7,8.91,15.5,,,8.37,11.99,18.87
2022-03-28,5-11yrs,,,7.75,11.28,0,,,7,12.52,0
2022-03-28,60+,,,38.06,6.44,7.78,,,31.76,8.69,9.17
2022-03-28,ALL,,,8.54,9.06,13.68,,,9.19,11.92,17.18
2022-03-29,0-4yrs,,,10.51,0,0,,,9.11,0,0
2022-03-29,12-17yrs,,,6.97,6.87,10.42,,,5.87,10.97,12.73
2022-03-29,18-39yrs,,,7.64,9.46,16.93,,,10.34,13.09,27.81
2022-03-29,40-59yrs,,,5.43,8.84,13.51,,,8.08,12.11,19.3
2022-03-29,5-11yrs,,,6.04,8.1,0,,,7,12.28,0
2022-03-29,60+,,,29.46,9.41,7.4,,,30.64,9.22,9.42
2022-03-29,ALL,,,8.4,8.84,11.87,,,9.31,12.03,17.4
2022-03-30,0-4yrs,,,9.96,0,0,,,9.46,0,0
2022-03-30,12-17yrs,,,5.71,12.3,13.14,,,5.79,11.21,12.25
2022-03-30,18-39yrs,,,10.93,18,34.69,,,10.44,13.95,29.49
2022-03-30,40-59yrs,,,11.55,16.47,25.88,,,8.6,12.66,20.17
2022-03-30,5-11yrs,,,9.95,16.87,0,,,7.53,12.95,0
2022-03-30,60+,,,40.51,10.47,10.1,,,33,9.61,9.6
2022-03-30,ALL,,,11.32,15.86,21.54,,,9.73,12.66,18.17
2022-03-31,0-4yrs,,,15.35,0,0,,,10.51,0,0
2022-03-31,12-17yrs,,,12.05,16.56,15.06,,,6.61,12.24,12.19
2022-03-31,18-39yrs,,,12.18,19.05,38.63,,,10.38,14.48,30.09
2022-03-31,40-59yrs,,,11.11,16.24,26.36,,,8.9,13.06,21.07
2022-03-31,5-11yrs,,,11.01,19.07,0,,,8.02,13.86,0
2022-03-31,60+,,,33.7,12.58,13.7,,,33.68,9.72,10.02
2022-03-31,ALL,,,13.33,17.24,24.22,,,10.23,13.21,18.78
2022-04-01,0-4yrs,,,12.72,0,0,,,11.02,0,0
2022-04-01,12-17yrs,,,7.61,16.16,12.71,,,6.79,12.52,12.4
2022-04-01,18-39yrs,,,17.66,22.14,44.33,,,10.88,15.13,30.97
2022-04-01,40-59yrs,,,12.47,23.08,28.69,,,9.19,14.4,21.96
2022-04-01,5-11yrs,,,11.04,16.41,0,,,8.72,14.14,0
2022-04-01,60+,,,38.79,14.35,16.61,,,34.39,10.34,10.82
2022-04-01,ALL,,,14.07,20.19,27.58,,,10.74,13.95,19.62
2022-04-02,0-4yrs,,,14.8,0,0,,,11.66,0,0
2022-04-02,12-17yrs,,,14.6,12.43,13.17,,,8.15,12.27,12.26
2022-04-02,18-39yrs,,,17.52,20.02,35.88,,,11.53,15.63,31.02
2022-04-02,40-59yrs,,,12.03,18.72,29.92,,,9.68,14.89,22.79
2022-04-02,5-11yrs,,,13.86,15.78,0,,,9.6,14.5,0
2022-04-02,60+,,,50.96,15.25,14.59,,,37.37,10.95,11.4
2022-04-02,ALL,,,16.06,17.76,24.93,,,11.54,14.35,20.12
2022-04-03,0-4yrs,,,13.42,0,0,,,12.19,0,0
2022-04-03,12-17yrs,,,12.7,13.08,15.03,,,9.15,12.61,12.33
2022-04-03,18-39yrs,,,12.83,16.6,35.42,,,12.14,16.3,32.43
2022-04-03,40-59yrs,,,11.35,16.86,28.02,,,10.23,15.59,23.98
2022-04-03,5-11yrs,,,10.25,17.44,0,,,9.99,14.99,0
2022-04-03,60+,,,59.2,8.6,17.39,,,41.53,11.01,12.51
2022-04-03,ALL,,,13.78,15.32,25.39,,,12.21,14.9,21.32
2022-04-04,0-4yrs,,,11.62,0,0,,,12.63,0,0
2022-04-04,12-17yrs,,,9.52,9.29,8.83,,,9.88,12.38,12.62
2022-04-04,18-39yrs,,,10.02,10.79,23.8,,,12.68,16.58,32.81
2022-04-04,40-59yrs,,,8.62,9.94,20.15,,,10.37,15.74,24.65
2022-04-04,5-11yrs,,,9.39,16.13,0,,,10.22,15.69,0
2022-04-04,60+,,,44.38,10.71,11.05,,,42.43,11.62,12.98
2022-04-04,ALL,,,11.27,10.8,17.19,,,12.6,15.14,21.82
2022-04-05,0-4yrs,,,11.34,0,0,,,12.74,0,0
2022-04-05,12-17yrs,,,3.81,8.23,6.76,,,9.43,12.58,12.1
2022-04-05,18-39yrs,,,9.24,10.94,19.62,,,12.91,16.79,33.2
2022-04-05,40-59yrs,,,5.45,12.8,18.8,,,10.37,16.3,25.4
2022-04-05,5-11yrs,,,5.87,14.59,0,,,10.2,16.61,0
2022-04-05,60+,,,47.74,9.14,11.04,,,45.04,11.59,13.5
2022-04-05,ALL,,,9.42,11.13,15.63,,,12.75,15.47,22.35
2022-04-06,0-4yrs,,,16.04,0,0,,,13.61,0,0
2022-04-06,12-17yrs,,,12.05,13.13,15.44,,,10.33,12.7,12.43
2022-04-06,18-39yrs,,,14.41,22,36.96,,,13.41,17.36,33.52
2022-04-06,40-59yrs,,,14.08,19.34,31.98,,,10.73,16.71,26.27
2022-04-06,5-11yrs,,,9.86,18.31,0,,,10.18,16.82,0
2022-04-06,60+,,,55.26,16.2,16.85,,,47.15,12.4,14.46
2022-04-06,ALL,,,14.98,19.15,26.82,,,13.27,15.94,23.11
2022-04-07,0-4yrs,,,14.52,0,0,,,13.49,0,0
2022-04-07,12-17yrs,,,15.86,17.28,22.69,,,10.88,12.8,13.52
2022-04-07,18-39yrs,,,17.24,24.1,46.86,,,14.13,18.08,34.7
2022-04-07,40-59yrs,,,14.31,25.31,38.46,,,11.19,18.01,28
2022-04-07,5-11yrs,,,15.77,18,0,,,10.86,16.67,0
2022-04-07,60+,,,74.09,16.75,22.41,,,52.92,13,15.71
2022-04-07,ALL,,,17.63,22.13,33.84,,,13.89,16.64,24.48
2022-04-08,0-4yrs,,,17.7,0,0,,,14.21,0,0
2022-04-08,12-17yrs,,,13.95,16.7,21.87,,,11.78,12.88,14.83
2022-04-08,18-39yrs,,,18.82,22.72,48.05,,,14.3,18.17,35.23
2022-04-08,40-59yrs,,,17.72,26.72,41.45,,,11.94,18.53,29.83
2022-04-08,5-11yrs,,,14.62,24.93,0,,,11.37,17.88,0
2022-04-08,60+,,,67.28,18.74,20.23,,,56.99,13.63,16.22
2022-04-08,ALL,,,18.76,22.64,34.18,,,14.56,16.99,25.43
2022-04-09,0-4yrs,,,13.55,0,0,,,14.03,0,0
2022-04-09,12-17yrs,,,10.79,12.12,19.74,,,11.24,12.83,15.77
2022-04-09,18-39yrs,,,16.79,21.29,40.07,,,14.19,18.35,35.83
2022-04-09,40-59yrs,,,13.86,21.68,37.89,,,12.2,18.95,30.96
2022-04-09,5-11yrs,,,12.28,17.38,0,,,11.15,18.11,0
2022-04-09,60+,,,58.27,17,22.74,,,58.03,13.88,17.39
2022-04-09,ALL,,,15.49,19.33,31.95,,,14.48,17.21,26.43
2022-04-10,0-4yrs,,,16.74,0,0,,,14.5,0,0
2022-04-10,12-17yrs,,,15.87,11.53,17.59,,,11.69,12.61,16.13
2022-04-10,18-39yrs,,,15.07,16.26,35.03,,,14.51,18.3,35.77
2022-04-10,40-59yrs,,,13.18,18.91,34.69,,,12.46,19.24,31.92
2022-04-10,5-11yrs,,,12.92,16.29,781.3,,,11.53,17.95,111.6
2022-04-10,60+,,,64.57,18.26,20.39,,,58.8,15.26,17.82
2022-04-10,ALL,,,16.49,16.53,28.65,,,14.86,17.39,26.89
2022-04-11,0-4yrs,,,10.79,0,0,,,14.38,0,0
2022-04-11,12-17yrs,,,10.16,8.46,10.39,,,11.78,12.49,16.35
2022-04-11,18-39yrs,,,10.68,10.03,25.07,,,14.61,18.19,35.95
2022-04-11,40-59yrs,,,7.95,10.24,24.75,,,12.36,19.29,32.57
2022-04-11,5-11yrs,,,9.07,11.33,0,,,11.48,17.26,111.6
2022-04-11,60+,,,35.97,10.99,15.1,,,57.6,15.3,18.39
2022-04-11,ALL,,,10.74,10.09,20.62,,,14.79,17.29,27.38
2022-04-12,0-4yrs,,,13.42,0,0,,,14.68,0,0
2022-04-12,12-17yrs,,,10.79,8.16,14.25,,,12.78,12.48,17.42
2022-04-12,18-39yrs,,,12.57,11.13,21.92,,,15.08,18.22,36.28
2022-04-12,40-59yrs,,,9.32,11.96,22.28,,,12.92,19.17,33.07
2022-04-12,5-11yrs,,,7.14,10.34,0,,,11.67,16.65,111.6
2022-04-12,60+,,,44.48,10.82,13.44,,,57.13,15.54,18.74
2022-04-12,ALL,,,11.96,10.84,18.44,,,15.15,17.24,27.79
2022-04-13,0-4yrs,,,15.21,0,0,,,14.56,0,0
2022-04-13,12-17yrs,,,11.43,16.65,15.47,,,12.69,12.99,17.43
2022-04-13,18-39yrs,,,12.26,21.37,37.96,,,14.78,18.13,36.42
2022-04-13,40-59yrs,,,12.28,21.81,39.04,,,12.66,19.52,34.08
2022-04-13,5-11yrs,,,13.11,15.23,763.4,,,12.13,16.21,220.7
2022-04-13,60+,,,69.6,20.09,22.85,,,59.18,16.09,19.59
2022-04-13,ALL,,,15.24,20.18,31.72,,,15.19,17.39,28.49
2022-04-14,0-4yrs,,,17.43,0,0,,,14.98,0,0
2022-04-14,12-17yrs,,,13.33,15.28,12.19,,,12.33,12.7,15.93
2022-04-14,18-39yrs,,,19.5,23.33,48.56,,,15.1,18.02,36.67
2022-04-14,40-59yrs,,,18.43,27.32,42.78,,,13.25,19.81,34.7
2022-04-14,5-11yrs,,,15.52,19.85,0,,,12.09,16.48,220.7
2022-04-14,60+,,,95.11,19.22,30.16,,,62.18,16.45,20.7
2022-04-14,ALL,,,20.09,22.49,38.53,,,15.54,17.44,29.16
2022-04-15,0-4yrs,,,16.6,0,0,,,14.82,0,0
2022-04-15,12-17yrs,,,12.05,11.44,14.68,,,12.06,11.95,14.9
2022-04-15,18-39yrs,,,14.63,21.59,45.55,,,14.5,17.86,36.31
2022-04-15,40-59yrs,,,16.16,23.82,39.89,,,13.03,19.39,34.47
2022-04-15,5-11yrs,,,8.37,17.11,724.6,,,11.2,15.36,324.2
2022-04-15,60+,,,76.62,20.86,29.9,,,63.52,16.75,22.08
2022-04-15,ALL,,,15.88,20.33,36.81,,,15.13,17.11,29.53
2022-04-16,0-4yrs,,,17.43,0,0,,,15.37,0,0
2022-04-16,12-17yrs,,,7.61,10.22,20.3,,,11.61,11.68,14.98
2022-04-16,18-39yrs,,,16.37,16.95,42.6,,,14.44,17.24,36.67
2022-04-16,40-59yrs,,,16.16,23.27,40.27,,,13.35,19.62,34.81
2022-04-16,5-11yrs,,,10.03,19.99,0,,,10.88,15.73,324.2
2022-04-16,60+,,,79.04,25.36,32.09,,,66.48,17.94,23.42
2022-04-16,ALL,,,16.74,18.87,37.14,,,15.31,17.05,30.27
2022-04-17,0-4yrs,,,11.89,0,0,,,14.68,0,0
2022-04-17,12-17yrs,,,6.34,5.43,11.33,,,10.24,10.81,14.09
2022-04-17,18-39yrs,,,9.61,8.91,22.69,,,13.66,16.19,34.91
2022-04-17,40-59yrs,,,10.25,9.71,22.53,,,12.94,18.3,33.08
2022-04-17,5-11yrs,,,6.9,9.47,0,,,10.02,14.76,212.6
2022-04-17,60+,,,71.86,15.02,20.99,,,67.53,17.48,23.5
2022-04-17,ALL,,,11.63,9.4,21.7,,,14.61,16.03,29.28
2022-04-18,0-4yrs,,,11.34,0,0,,,14.76,0,0
2022-04-18,12-17yrs,,,5.7,6.83,5.02,,,9.61,10.57,13.32
2022-04-18,18-39yrs,,,9.45,8.81,20.19,,,13.48,16.01,34.21
2022-04-18,40-59yrs,,,10.24,9.8,21.37,,,13.26,18.24,32.59
2022-04-18,5-11yrs,,,6.01,9.94,0,,,9.58,14.56,212.6
2022-04-18,60+,,,39.34,12.88,18.29,,,68.01,17.75,23.96
2022-04-18,ALL,,,10.05,9.36,19.46,,,14.51,15.92,29.11
2022-04-19,0-4yrs,,,4.7,0,0,,,13.51,0,0
2022-04-19,12-17yrs,,,6.33,2.95,3.13,,,8.97,9.83,11.73
2022-04-19,18-39yrs,,,6.77,4.61,9.85,,,12.66,15.08,32.49
2022-04-19,40-59yrs,,,3.41,5.35,10.26,,,12.42,17.3,30.88
2022-04-19,5-11yrs,,,4.06,1.94,0,,,9.14,13.36,212.6
2022-04-19,60+,,,37.48,9.85,9.57,,,67.01,17.61,23.41
2022-04-19,ALL,,,6.04,4.95,9.72,,,13.67,15.08,27.87
2022-04-20,0-4yrs,,,3.18,0,0,,,11.8,0,0
2022-04-20,12-17yrs,,,3.17,3.42,2.5,,,7.79,7.94,9.88
2022-04-20,18-39yrs,,,3.63,5.71,9,,,11.42,12.84,28.35
2022-04-20,40-59yrs,,,3.64,5.61,8.34,,,11.18,14.98,26.49
2022-04-20,5-11yrs,,,1.95,2.9,0,,,7.55,11.6,103.5
2022-04-20,60+,,,25.87,5.56,8.19,,,60.76,15.54,21.31
2022-04-20,ALL,,,3.83,5.12,8.32,,,12.04,12.93,24.53
2022-04-21,0-4yrs,,,17.84,0,0,,,11.85,0,0
2022-04-21,12-17yrs,,,11.39,12.3,13.03,,,7.51,7.51,10
2022-04-21,18-39yrs,,,26.65,20.35,49.24,,,12.44,12.42,28.45
2022-04-21,40-59yrs,,,20.73,25.74,47.14,,,11.51,14.76,27.11
2022-04-21,5-11yrs,,,12.34,19.81,0,,,7.09,11.59,103.5
2022-04-21,60+,,,135.8,28.39,40.07,,,66.57,16.85,22.73
2022-04-21,ALL,,,22.65,21.51,44.08,,,12.4,12.79,25.32
2022-04-22,0-4yrs,,,14.11,0,0,,,11.5,0,0
2022-04-22,12-17yrs,,,12.02,11.54,12.36,,,7.51,7.53,9.67
2022-04-22,18-39yrs,,,19.25,20.26,46.41,,,13.1,12.23,28.57
2022-04-22,40-59yrs,,,17.54,24.2,45.6,,,11.71,14.81,27.93
2022-04-22,5-11yrs,,,11,19.29,0,,,7.47,11.91,0
2022-04-22,60+,,,104.5,30.8,34.97,,,70.56,18.27,23.45
2022-04-22,ALL,,,18.05,21.22,40.77,,,12.71,12.92,25.88
2022-04-23,0-4yrs,,,12.86,0,0,,,10.85,0,0
2022-04-23,12-17yrs,,,10.76,9.37,14.74,,,7.96,7.41,8.87
2022-04-23,18-39yrs,,,17.05,12.84,35.01,,,13.2,11.64,27.48
2022-04-23,40-59yrs,,,18.46,18.27,34.53,,,12.04,14.1,27.11
2022-04-23,5-11yrs,,,8.6,13.47,598.8,,,7.27,10.97,85.54
2022-04-23,60+,,,117.1,22.21,32.85,,,75.99,17.82,23.56
2022-04-23,ALL,,,17.1,14.88,33.54,,,12.76,12.35,25.37
2022-04-24,0-4yrs,,,15.35,0,0,,,11.34,0,0
2022-04-24,12-17yrs,,,9.49,10.32,15.87,,,8.41,8.1,9.52
2022-04-24,18-39yrs,,,20.37,16.97,38.57,,,14.74,12.79,29.75
2022-04-24,40-59yrs,,,17.78,19.53,38.02,,,13.11,15.5,29.32
2022-04-24,5-11yrs,,,8.62,13.18,0,,,7.51,11.5,85.54
2022-04-24,60+,,,116.1,21.71,34.35,,,82.31,18.77,25.47
2022-04-24,ALL,,,18.34,16.95,36.18,,,13.72,13.43,27.44
2022-04-25,0-4yrs,,,7.05,0,0,,,10.73,0,0
2022-04-25,12-17yrs,,,5.06,4.54,7.3,,,8.32,7.78,9.85
2022-04-25,18-39yrs,,,8.69,7.99,17.78,,,14.63,12.68,29.41
2022-04-25,40-59yrs,,,7.98,11.18,18.45,,,12.79,15.7,28.91
2022-04-25,5-11yrs,,,4.39,6.23,0,,,7.28,10.97,85.54
2022-04-25,60+,,,85.7,12.67,17,,,88.94,18.74,25.29
2022-04-25,ALL,,,9.47,8.71,17.43,,,13.64,13.33,27.15
2022-04-26,0-4yrs,,,11.2,0,0,,,11.66,0,0
2022-04-26,12-17yrs,,,4.43,2.35,7.9,,,8.05,7.69,10.53
2022-04-26,18-39yrs,,,8.69,5.98,14.6,,,14.9,12.87,30.09
2022-04-26,40-59yrs,,,9.8,6.38,15.02,,,13.7,15.84,29.59
2022-04-26,5-11yrs,,,4.85,7.18,0,,,7.39,11.72,85.54
2022-04-26,60+,,,63.08,11.97,17.06,,,92.59,19.04,26.36
2022-04-26,ALL,,,10.17,6.39,15.57,,,14.23,13.54,27.98
2022-04-27,0-4yrs,,,9.96,0,0,,,12.62,0,0
2022-04-27,12-17yrs,,,8.22,6.27,7.86,,,8.77,8.1,11.29
2022-04-27,18-39yrs,,,12.81,11.51,25.76,,,16.22,13.7,32.48
2022-04-27,40-59yrs,,,11.17,13.43,27.9,,,14.78,16.96,32.38
2022-04-27,5-11yrs,,,4.55,8.36,0,,,7.76,12.5,85.54
2022-04-27,60+,,,79.19,20.73,27.88,,,100.2,21.21,29.17
2022-04-27,ALL,,,11.7,12.08,26.87,,,15.35,14.53,30.63
2022-04-28,0-4yrs,,,9.68,0,0,,,11.46,0,0
2022-04-28,12-17yrs,,,8.21,6.44,7.23,,,8.31,7.26,10.47
2022-04-28,18-39yrs,,,13.76,14.43,32.17,,,14.37,12.85,30.04
2022-04-28,40-59yrs,,,14.37,14.86,32.45,,,13.87,15.41,30.28
2022-04-28,5-11yrs,,,8.19,10.97,0,,,7.17,11.24,85.54
2022-04-28,60+,,,90.66,22.24,33.07,,,93.76,20.33,28.17
2022-04-28,ALL,,,13.63,14.07,32.05,,,14.07,13.47,28.92
2022-04-29,0-4yrs,,,8.99,0,0,,,10.73,0,0
2022-04-29,12-17yrs,,,4.43,4.56,7.78,,,7.23,6.26,9.81
2022-04-29,18-39yrs,,,9.97,10.22,25.88,,,13.05,11.42,27.11
2022-04-29,40-59yrs,,,10.27,11.3,23.65,,,12.83,13.56,27.15
2022-04-29,5-11yrs,,,4.56,9.76,0,,,6.25,9.88,85.54
2022-04-29,60+,,,65.27,24.68,25.24,,,88.16,19.46,26.78
2022-04-29,ALL,,,9.93,11.35,24.51,,,12.91,12.06,26.59
2022-04-30,0-4yrs,,,9.82,0,0,,,10.29,0,0
2022-04-30,12-17yrs,,,4.42,5.03,7.77,,,6.32,5.64,8.82
2022-04-30,18-39yrs,,,11.24,11.48,25.56,,,12.22,11.23,25.76
2022-04-30,40-59yrs,,,10.73,13.96,23.33,,,11.73,12.95,25.55
2022-04-30,5-11yrs,,,6.38,8.56,0,,,5.93,9.18,0
2022-04-30,60+,,,81.24,15.37,25.27,,,83.03,18.48,25.7
2022-04-30,ALL,,,11.49,11.43,24.34,,,12.1,11.57,25.28
2022-05-01,0-4yrs,,,8.71,0,0,,,9.34,0,0
2022-05-01,12-17yrs,,,5.68,5.51,9.52,,,5.78,4.96,7.91
2022-05-01,18-39yrs,,,9.82,8.41,20.13,,,10.71,10,23.13
2022-05-01,40-59yrs,,,6.62,10.07,21.06,,,10.13,11.6,23.12
2022-05-01,5-11yrs,,,7,4.98,0,,,5.7,8.01,0
2022-05-01,60+,,,68.03,15.94,19.41,,,76.17,17.66,23.56
2022-05-01,ALL,,,9.98,9,19.88,,,10.91,10.43,22.95
2022-05-02,0-4yrs,,,6.92,0,0,,,9.33,0,0
2022-05-02,12-17yrs,,,3.79,2.36,5.35,,,5.6,4.65,7.63
2022-05-02,18-39yrs,,,4.59,3.93,10.51,,,10.13,9.42,22.09
2022-05-02,40-59yrs,,,6.62,5.24,10.55,,,9.94,10.75,21.99
2022-05-02,5-11yrs,,,3.05,2.37,0,,,5.51,7.45,0
2022-05-02,60+,,,29.63,11,12.97,,,68.16,17.42,22.99
2022-05-02,ALL,,,5.94,4.72,11.39,,,10.41,9.86,22.09
2022-05-03,0-4yrs,,,8.3,0,0,,,8.91,0,0
2022-05-03,12-17yrs,,,3.15,3,1.19,,,5.41,4.74,6.67
2022-05-03,18-39yrs,,,6.81,5.09,12.4,,,9.86,9.3,21.77
2022-05-03,40-59yrs,,,6.39,4.99,12.99,,,9.45,10.55,21.7
2022-05-03,5-11yrs,,,2.59,3.08,0,,,5.19,6.87,0
2022-05-03,60+,,,52.84,10.65,14.4,,,66.69,17.23,22.61
2022-05-03,ALL,,,7.39,5.24,13.13,,,10.01,9.7,21.74
2022-05-04,0-4yrs,,,9.41,0,0,,,8.83,0,0
2022-05-04,12-17yrs,,,5.68,3.63,4.14,,,5.05,4.36,6.14
2022-05-04,18-39yrs,,,9.67,8.22,22.52,,,9.41,8.83,21.31
2022-05-04,40-59yrs,,,9.59,10.91,21,,,9.23,10.19,20.72
2022-05-04,5-11yrs,,,5.79,5.21,0,,,5.37,6.42,0
2022-05-04,60+,,,68.3,16.56,24.47,,,65.14,16.63,22.12
2022-05-04,ALL,,,10.29,8.97,22.4,,,9.81,9.25,21.1
2022-05-05,0-4yrs,,,8.02,0,0,,,8.6,0,0
2022-05-05,12-17yrs,,,5.68,5.05,8.25,,,4.69,4.16,6.29
2022-05-05,18-39yrs,,,9.68,8.77,22.71,,,8.83,8.02,19.96
2022-05-05,40-59yrs,,,8,10.09,23.87,,,8.32,9.51,19.49
2022-05-05,5-11yrs,,,4.27,6.39,0,,,4.81,5.76,0
2022-05-05,60+,,,107.2,17.9,26.68,,,67.5,16.01,21.21
2022-05-05,ALL,,,10.52,9.43,24.33,,,9.36,8.59,20
2022-05-06,0-4yrs,,,6.78,0,0,,,8.28,0,0
2022-05-06,12-17yrs,,,8.83,4.43,5.88,,,5.32,4.14,6.01
2022-05-06,18-39yrs,,,10.16,8.78,22.33,,,8.85,7.81,19.45
2022-05-06,40-59yrs,,,7.77,11.01,21.38,,,7.96,9.47,19.17
2022-05-06,5-11yrs,,,3.36,5.67,0,,,4.63,5.18,0
2022-05-06,60+,,,77.03,15.18,21.96,,,69.18,14.66,20.74
2022-05-06,ALL,,,9.29,9.21,21.5,,,9.27,8.29,19.57
2022-05-07,0-4yrs,,,7.47,0,0,,,7.94,0,0
2022-05-07,12-17yrs,,,3.78,3.32,7.03,,,5.23,3.9,5.91
2022-05-07,18-39yrs,,,7.46,8.18,19.43,,,8.31,7.34,18.58
2022-05-07,40-59yrs,,,8.46,8.68,18.98,,,7.64,8.71,18.55
2022-05-07,5-11yrs,,,5.04,5.43,0,,,4.44,4.73,0
2022-05-07,60+,,,59.94,15.78,19.28,,,66.14,14.72,19.88
2022-05-07,ALL,,,8.51,8.27,18.94,,,8.85,7.83,18.8
2022-05-08,0-4yrs,,,6.36,0,0,,,7.61,0,0
2022-05-08,12-17yrs,,,5.67,2.69,4.09,,,5.23,3.5,5.13
2022-05-08,18-39yrs,,,8.42,6.67,17.85,,,8.11,7.09,18.25
2022-05-08,40-59yrs,,,8,8.11,16.05,,,7.83,8.43,17.83
2022-05-08,5-11yrs,,,3.98,5.65,0,,,4.01,4.83,0
2022-05-08,60+,,,58.99,12.82,19.58,,,64.85,14.27,19.91
2022-05-08,ALL,,,8.18,7.1,17.67,,,8.59,7.56,18.48
2022-05-09,0-4yrs,,,7.61,0,0,,,7.71,0,0
2022-05-09,12-17yrs,,,2.52,3.33,1.75,,,5.04,3.64,4.62
2022-05-09,18-39yrs,,,5.08,3.38,9.26,,,8.18,7.01,18.07
2022-05-09,40-59yrs,,,3.2,4.85,9.6,,,7.34,8.38,17.7
2022-05-09,5-11yrs,,,3.06,3.76,0,,,4.01,5.03,0
2022-05-09,60+,,,48.76,10.6,12.96,,,67.58,14.21,19.9
2022-05-09,ALL,,,6.21,4.59,10.68,,,8.63,7.54,18.38
2022-05-10,0-4yrs,,,6.09,0,0,,,7.39,0,0
2022-05-10,12-17yrs,,,1.89,2.22,2.91,,,4.86,3.52,4.86
2022-05-10,18-39yrs,,,3.18,4.34,8.11,,,7.66,6.91,17.46
2022-05-10,40-59yrs,,,5.94,4.26,7.82,,,7.28,8.27,16.96
2022-05-10,5-11yrs,,,4.44,3.29,0,,,4.28,5.06,0
2022-05-10,60+,,,45.6,8.38,9.75,,,66.55,13.89,19.24
2022-05-10,ALL,,,5.99,4.4,8.56,,,8.43,7.42,17.73
2022-05-11,0-4yrs,,,9.13,0,0,,,7.35,0,0
2022-05-11,12-17yrs,,,3.15,4.6,3.49,,,4.5,3.66,4.77
2022-05-11,18-39yrs,,,6.68,7.33,18.98,,,7.24,6.78,16.95
2022-05-11,40-59yrs,,,9.37,8.87,19.22,,,7.25,7.98,16.7
2022-05-11,5-11yrs,,,3.06,5.64,0,,,3.89,5.12,0
2022-05-11,60+,,,55.45,9.52,16.52,,,64.71,12.88,18.1
2022-05-11,ALL,,,8.23,7.45,17.7,,,8.13,7.21,17.05
2022-05-12,0-4yrs,,,8.3,0,0,,,7.39,0,0
2022-05-12,12-17yrs,,,5.67,4.92,6.39,,,4.5,3.64,4.51
2022-05-12,18-39yrs,,,7.48,7.08,19.75,,,6.92,6.54,16.53
2022-05-12,40-59yrs,,,10.06,9.88,20.63,,,7.54,7.95,16.24
2022-05-12,5-11yrs,,,4.45,8.21,0,,,3.91,5.38,0
2022-05-12,60+,,,46.19,14.77,18.39,,,55.99,12.44,16.92
2022-05-12,ALL,,,8.49,8.46,19.16,,,7.84,7.07,16.32
2022-05-13,0-4yrs,,,6.78,0,0,,,7.39,0,0
2022-05-13,12-17yrs,,,5.04,3.33,5.22,,,3.96,3.49,4.41
2022-05-13,18-39yrs,,,7.96,7.79,18.64,,,6.61,6.4,16
2022-05-13,40-59yrs,,,7.32,8.21,16.25,,,7.48,7.55,15.51
2022-05-13,5-11yrs,,,5.22,4.69,0,,,4.18,5.24,0
2022-05-13,60+,,,46.39,14.43,18.04,,,51.62,12.33,16.36
2022-05-13,ALL,,,7.9,7.77,17.34,,,7.64,6.86,15.72
2022-05-14,0-4yrs,,,5.39,0,0,,,7.09,0,0
2022-05-14,12-17yrs,,,3.15,3.65,3.47,,,3.87,3.53,3.9
2022-05-14,18-39yrs,,,5.58,6.07,15.03,,,6.34,6.09,15.37
2022-05-14,40-59yrs,,,7.1,4.78,14.43,,,7.28,6.99,14.86
2022-05-14,5-11yrs,,,2.3,5.39,0,,,3.79,5.23,0
2022-05-14,60+,,,47.78,9.01,14.97,,,49.88,11.36,15.74
2022-05-14,ALL,,,6.15,5.7,14.54,,,7.31,6.5,15.09
2022-05-15,0-4yrs,,,6.64,0,0,,,7.13,0,0
2022-05-15,12-17yrs,,,6.29,3.34,5.19,,,3.96,3.63,4.06
2022-05-15,18-39yrs,,,6.53,5.57,13.93,,,6.07,5.94,14.81
2022-05-15,40-59yrs,,,6.64,6.54,12.8,,,7.09,6.77,14.39
2022-05-15,5-11yrs,,,2.46,4.44,0,,,3.57,5.06,0
2022-05-15,60+,,,33.54,11.28,16.26,,,46.24,11.14,15.27
2022-05-15,ALL,,,6.42,6.05,14.31,,,7.06,6.35,14.61
2022-05-16,0-4yrs,,,6.36,0,0,,,6.96,0,0
2022-05-16,12-17yrs,,,0.63,1.59,2.31,,,3.69,3.38,4.14
2022-05-16,18-39yrs,,,5.26,3.09,8.45,,,6.1,5.9,14.7
2022-05-16,40-59yrs,,,2.98,4.19,9.18,,,7.06,6.68,14.33
2022-05-16,5-11yrs,,,1.85,3.04,0,,,3.4,4.96,0
2022-05-16,60+,,,33.73,9.02,11.46,,,44.1,10.92,15.06
2022-05-16,ALL,,,4.96,3.83,9.74,,,6.88,6.24,14.48
2022-05-17,0-4yrs,,,3.87,0,0,,,6.64,0,0
2022-05-17,12-17yrs,,,2.51,2.07,4.03,,,3.78,3.36,4.3
2022-05-17,18-39yrs,,,3.99,3.7,7.72,,,6.21,5.8,14.64
2022-05-17,40-59yrs,,,2.75,4.28,8.03,,,6.6,6.68,14.36
2022-05-17,5-11yrs,,,2.77,2.57,0,,,3.16,4.85,0
2022-05-17,60+,,,58.29,6.96,10.2,,,45.91,10.71,15.12
2022-05-17,ALL,,,5.04,3.89,8.73,,,6.74,6.16,14.5
2022-05-18,0-4yrs,,,6.5,0,0,,,6.26,0,0
2022-05-18,12-17yrs,,,4.4,4.3,6.33,,,3.96,3.31,4.71
2022-05-18,18-39yrs,,,6.38,5.12,16.52,,,6.17,5.49,14.29
2022-05-18,40-59yrs,,,7.33,5.71,15.92,,,6.31,6.23,13.89
2022-05-18,5-11yrs,,,3.23,7,0,,,3.18,5.05,0
2022-05-18,60+,,,66.06,8.3,13.52,,,47.43,10.54,14.69
2022-05-18,ALL,,,7.51,5.68,14.88,,,6.64,5.91,14.1
2022-05-19,0-4yrs,,,5.95,0,0,,,5.93,0,0
2022-05-19,12-17yrs,,,0,2.71,5.17,,,3.15,3,4.53
2022-05-19,18-39yrs,,,6.86,5.83,13.23,,,6.08,5.31,13.36
2022-05-19,40-59yrs,,,7.56,6.38,15.08,,,5.95,5.73,13.1
2022-05-19,5-11yrs,,,2.62,3.97,0,,,2.92,4.44,0
2022-05-19,60+,,,44.2,10.01,15.11,,,47.14,9.86,14.22
2022-05-19,ALL,,,6.43,5.85,14.37,,,6.34,5.54,13.42
2022-05-20,0-4yrs,,,4.7,0,0,,,5.63,0,0
2022-05-20,12-17yrs,,,3.77,2.39,3.44,,,2.96,2.86,4.28
2022-05-20,18-39yrs,,,3.83,5.47,13.59,,,5.49,4.98,12.64
2022-05-20,40-59yrs,,,4.81,6.55,13.22,,,5.6,5.49,12.67
2022-05-20,5-11yrs,,,1.69,3.97,0,,,2.42,4.34,0
2022-05-20,60+,,,44.48,10.98,12.35,,,46.87,9.37,13.41
2022-05-20,ALL,,,4.93,5.81,12.74,,,5.92,5.26,12.76
2022-05-21,0-4yrs,,,4.98,0,0,,,5.57,0,0
2022-05-21,12-17yrs,,,3.77,1.75,2.87,,,3.05,2.59,4.19
2022-05-21,18-39yrs,,,4.63,4.21,11.86,,,5.35,4.71,12.19
2022-05-21,40-59yrs,,,6.19,5.55,10.27,,,5.47,5.6,12.07
2022-05-21,5-11yrs,,,1.39,2.56,0,,,2.29,3.94,0
2022-05-21,60+,,,42.08,10.8,11.23,,,46.05,9.62,12.88
2022-05-21,ALL,,,5.27,4.8,10.9,,,5.79,5.13,12.24
2022-05-22,0-4yrs,,,4.29,0,0,,,5.24,0,0
2022-05-22,12-17yrs,,,1.88,2.07,0.57,,,2.42,2.41,3.53
2022-05-22,18-39yrs,,,3.04,3.85,9,,,4.86,4.47,11.48
2022-05-22,40-59yrs,,,6.42,4.79,8.81,,,5.43,5.35,11.5
2022-05-22,5-11yrs,,,2.93,1.63,0,,,2.35,3.53,0
2022-05-22,60+,,,43.45,8.15,10.21,,,47.47,9.17,12.01
2022-05-22,ALL,,,5.05,4.13,9.23,,,5.6,4.86,11.51
2022-05-23,0-4yrs,,,3.87,0,0,,,4.88,0,0
2022-05-23,12-17yrs,,,1.25,0.48,1.72,,,2.51,2.25,3.45
2022-05-23,18-39yrs,,,2.56,1.98,4.26,,,4.47,4.31,10.88
2022-05-23,40-59yrs,,,2.29,2.19,6.26,,,5.34,5.06,11.08
2022-05-23,5-11yrs,,,1.7,3.26,0,,,2.33,3.57,0
2022-05-23,60+,,,26.18,5.12,7.36,,,46.39,8.62,11.43
2022-05-23,ALL,,,3.29,2.3,6.07,,,5.36,4.64,10.99
2022-05-24,0-4yrs,,,2.77,0,0,,,4.72,0,0
2022-05-24,12-17yrs,,,1.25,0.96,0.57,,,2.33,2.09,2.95
2022-05-24,18-39yrs,,,2.24,2.03,5.1,,,4.22,4.07,10.51
2022-05-24,40-59yrs,,,2.75,1.85,6.08,,,5.34,4.72,10.81
2022-05-24,5-11yrs,,,1.23,1.86,0,,,2.11,3.46,0
2022-05-24,60+,,,26.36,6.08,5.53,,,41.83,8.49,10.76
2022-05-24,ALL,,,2.88,2.28,5.47,,,5.05,4.41,10.52
2022-05-25,0-4yrs,,,4.01,0,0,,,4.37,0,0
2022-05-25,12-17yrs,,,0,1.6,0.57,,,1.7,1.71,2.13
2022-05-25,18-39yrs,,,2.4,2.79,6.24,,,3.65,3.74,9.04
2022-05-25,40-59yrs,,,4.13,3.45,5.15,,,4.88,4.39,9.27
2022-05-25,5-11yrs,,,1.39,0.93,0,,,1.85,2.6,0
2022-05-25,60+,,,24.04,4.94,7.42,,,35.83,8.01,9.89
2022-05-25,ALL,,,3.37,2.87,6.24,,,4.46,4.01,9.29
2022-05-26,0-4yrs,,,4.29,0,0,,,4.13,0,0
2022-05-26,12-17yrs,,,1.25,1.44,5.14,,,1.88,1.53,2.13
2022-05-26,18-39yrs,,,4.96,4.21,14.03,,,3.38,3.51,9.15
2022-05-26,40-59yrs,,,2.98,4.71,11.98,,,4.22,4.16,8.82
2022-05-26,5-11yrs,,,0.93,6.05,0,,,1.61,2.89,0
2022-05-26,60+,,,44.69,4.95,9.45,,,35.9,7.29,9.08
2022-05-26,ALL,,,4.42,4.22,11.33,,,4.17,3.77,8.85
2022-05-27,0-4yrs,,,3.46,0,0,,,3.95,0,0
2022-05-27,12-17yrs,,,3.13,2.39,3.42,,,1.79,1.53,2.12
2022-05-27,18-39yrs,,,4.64,3.1,10.18,,,3.5,3.17,8.67
2022-05-27,40-59yrs,,,4.36,3.96,9.16,,,4.16,3.79,8.24
2022-05-27,5-11yrs,,,2.01,2.79,0,,,1.65,2.73,0
2022-05-27,60+,,,37.1,6.1,10.91,,,34.84,6.59,8.87
2022-05-27,ALL,,,4.5,3.52,9.99,,,4.11,3.45,8.46
2022-05-28,0-4yrs,,,2.9,0,0,,,3.66,0,0
2022-05-28,12-17yrs,,,3.13,1.76,6.26,,,1.7,1.53,2.61
2022-05-28,18-39yrs,,,4.33,3.76,10.33,,,3.45,3.1,8.45
2022-05-28,40-59yrs,,,3.67,4.04,8.54,,,3.8,3.57,8
2022-05-28,5-11yrs,,,2.62,3.49,0,,,1.83,2.86,0
2022-05-28,60+,,,21.84,8.39,8.57,,,31.95,6.25,8.49
2022-05-28,ALL,,,3.86,4.05,8.97,,,3.91,3.34,8.19
2022-05-29,0-4yrs,,,2.35,0,0,,,3.38,0,0
2022-05-29,12-17yrs,,,1.88,1.6,1.14,,,1.7,1.46,2.69
2022-05-29,18-39yrs,,,3.21,3,8.25,,,3.48,2.98,8.34
2022-05-29,40-59yrs,,,4.82,4.8,7.57,,,3.57,3.57,7.82
2022-05-29,5-11yrs,,,1.7,2.55,0,,,1.65,2.99,0
2022-05-29,60+,,,29.71,4.2,8.43,,,29.99,5.68,8.24
2022-05-29,ALL,,,3.56,3.36,7.94,,,3.7,3.23,8
2022-05-30,0-4yrs,,,2.35,0,0,,,3.16,0,0
2022-05-30,12-17yrs,,,1.88,0.8,2.84,,,1.79,1.51,2.85
2022-05-30,18-39yrs,,,2.08,1.22,3.94,,,3.41,2.87,8.3
2022-05-30,40-59yrs,,,2.53,2.86,4.97,,,3.61,3.67,7.64
2022-05-30,5-11yrs,,,0.46,2.32,0,,,1.48,2.86,0
2022-05-30,60+,,,19.44,3.82,5.31,,,29.03,5.5,7.95
2022-05-30,ALL,,,2.33,1.96,4.79,,,3.56,3.18,7.82
2022-05-31,0-4yrs,,,3.46,0,0,,,3.26,0,0
2022-05-31,12-17yrs,,,1.25,1.12,1.14,,,1.79,1.53,2.93
2022-05-31,18-39yrs,,,2.25,2.29,5.4,,,3.41,2.91,8.34
2022-05-31,40-59yrs,,,3.45,2.7,3.7,,,3.71,3.79,7.3
2022-05-31,5-11yrs,,,1.54,0.93,0,,,1.52,2.72,0
2022-05-31,60+,,,20.9,4.2,5.31,,,28.25,5.23,7.91
2022-05-31,ALL,,,3.08,2.32,4.73,,,3.59,3.19,7.71
2022-06-01,0-4yrs,,,5.26,0,0,,,3.44,0,0
2022-06-01,12-17yrs,,,4.38,1.76,1.13,,,2.41,1.55,3.01
2022-06-01,18-39yrs,,,5.62,4.47,10.73,,,3.87,3.15,8.98
2022-06-01,40-59yrs,,,4.37,4.47,7.96,,,3.74,3.93,7.7
2022-06-01,5-11yrs,,,2.01,2.78,409.8,,,1.61,2.99,58.54
2022-06-01,60+,,,27.67,5.55,7.71,,,28.76,5.32,7.96
2022-06-01,ALL,,,4.99,4.08,8.44,,,3.82,3.36,8.03
2022-06-02,0-4yrs,,,4.29,0,0,,,3.44,0,0
2022-06-02,12-17yrs,,,2.5,2.4,2.27,,,2.59,1.69,2.6
2022-06-02,18-39yrs,,,4.01,3.51,8.4,,,3.73,3.05,8.18
2022-06-02,40-59yrs,,,4.14,2.95,9.5,,,3.91,3.68,7.34
2022-06-02,5-11yrs,,,1.24,2.09,0,,,1.65,2.42,58.54
2022-06-02,60+,,,35.9,7.46,9.84,,,27.51,5.67,8.01
2022-06-02,ALL,,,4.24,3.53,9.17,,,3.79,3.26,7.72
2022-06-03,0-4yrs,,,2.9,0,0,,,3.36,0,0
2022-06-03,12-17yrs,,,3.13,1.12,3.4,,,2.59,1.51,2.6
2022-06-03,18-39yrs,,,4.66,3.61,8.29,,,3.74,3.12,7.91
2022-06-03,40-59yrs,,,2.53,3.63,7.43,,,3.64,3.64,7.1
2022-06-03,5-11yrs,,,2.47,2.32,0,,,1.72,2.35,58.54
2022-06-03,60+,,,25.45,3.45,7.81,,,25.84,5.3,7.57
2022-06-03,ALL,,,3.79,3.15,7.71,,,3.69,3.21,7.39
2022-06-04,0-4yrs,,,4.29,0,0,,,3.56,0,0
2022-06-04,12-17yrs,,,2.5,1.6,3.39,,,2.5,1.49,2.19
2022-06-04,18-39yrs,,,3.7,3.35,7.56,,,3.65,3.06,7.51
2022-06-04,40-59yrs,,,2.99,2.87,7.38,,,3.55,3.47,6.93
2022-06-04,5-11yrs,,,2.01,2.55,0,,,1.63,2.22,58.54
2022-06-04,60+,,,17.49,8.06,6.25,,,25.22,5.25,7.24
2022-06-04,ALL,,,3.65,3.45,6.88,,,3.66,3.12,7.09
2022-06-05,0-4yrs,,,1.94,0,0,,,3.5,0,0
2022-06-05,12-17yrs,,,0.62,1.6,1.69,,,2.32,1.49,2.27
2022-06-05,18-39yrs,,,2.25,2.95,7.04,,,3.51,3.06,7.34
2022-06-05,40-59yrs,,,2.99,2.7,6.11,,,3.29,3.17,6.72
2022-06-05,5-11yrs,,,0.77,0.93,0,,,1.5,1.99,58.54
2022-06-05,60+,,,17.55,4.41,5.57,,,23.49,5.28,6.83
2022-06-05,ALL,,,2.26,2.68,6.03,,,3.48,3.02,6.82
2022-06-06,0-4yrs,,,2.77,0,0,,,3.56,0,0
2022-06-06,12-17yrs,,,1.87,0.64,1.13,,,2.32,1.46,2.02
2022-06-06,18-39yrs,,,1.93,1.47,3.63,,,3.49,3.09,7.29
2022-06-06,40-59yrs,,,2.3,1.69,3.65,,,3.25,3,6.53
2022-06-06,5-11yrs,,,1.39,0.69,0,,,1.63,1.76,58.54
2022-06-06,60+,,,19.04,2.3,4.8,,,23.43,5.06,6.76
2022-06-06,ALL,,,2.56,1.44,4.04,,,3.51,2.95,6.71
2022-06-07,0-4yrs,,,3.6,0,0,,,3.58,0,0
2022-06-07,12-17yrs,,,0.62,1.12,4.52,,,2.23,1.46,2.5
2022-06-07,18-39yrs,,,2.41,1.27,3.94,,,3.51,2.95,7.08
2022-06-07,40-59yrs,,,2.99,2.19,3.56,,,3.19,2.93,6.51
2022-06-07,5-11yrs,,,1.7,1.85,0,,,1.66,1.89,58.54
2022-06-07,60+,,,16.46,2.69,4.15,,,22.79,4.85,6.59
2022-06-07,ALL,,,2.93,1.69,3.92,,,3.49,2.86,6.6
2022-06-08,0-4yrs,,,5.12,0,0,,,3.56,0,0
2022-06-08,12-17yrs,,,2.5,2.4,3.39,,,1.96,1.55,2.83
2022-06-08,18-39yrs,,,4.34,3.1,9.37,,,3.33,2.75,6.89
2022-06-08,40-59yrs,,,4.37,3.97,8.92,,,3.19,2.86,6.65
2022-06-08,5-11yrs,,,2.17,5.09,0,,,1.68,2.22,0
2022-06-08,60+,,,19.26,5.18,7.02,,,21.59,4.79,6.49
2022-06-08,ALL,,,4.33,3.64,8.14,,,3.39,2.8,6.56
2022-06-09,0-4yrs,,,2.21,0,0,,,3.26,0,0
2022-06-09,12-17yrs,,,2.5,1.12,1.69,,,1.96,1.37,2.74
2022-06-09,18-39yrs,,,4.02,3,7.71,,,3.33,2.68,6.79
2022-06-09,40-59yrs,,,1.84,3.71,7.73,,,2.86,2.97,6.4
2022-06-09,5-11yrs,,,0.46,1.62,0,,,1.57,2.15,0
2022-06-09,60+,,,42.9,4.61,7.19,,,22.59,4.39,6.11
2022-06-09,ALL,,,3.27,2.98,7.36,,,3.26,2.72,6.3
2022-06-10,0-4yrs,,,4.29,0,0,,,3.46,0,0
2022-06-10,12-17yrs,,,1.25,2.08,3.94,,,1.69,1.51,2.82
2022-06-10,18-39yrs,,,2.58,3.05,8.07,,,3.03,2.6,6.76
2022-06-10,40-59yrs,,,1.84,2.62,7.16,,,2.76,2.82,6.36
2022-06-10,5-11yrs,,,1.39,2.32,0,,,1.41,2.15,0
2022-06-10,60+,,,18.97,5.77,5.98,,,21.67,4.72,5.85
2022-06-10,ALL,,,3.01,3.05,6.84,,,3.14,2.7,6.17
2022-06-11,0-4yrs,,,2.49,0,0,,,3.2,0,0
2022-06-11,12-17yrs,,,1.25,1.28,2.25,,,1.52,1.46,2.66
2022-06-11,18-39yrs,,,3.7,3.1,8.33,,,3.03,2.56,6.87
2022-06-11,40-59yrs,,,2.99,3.46,6.24,,,2.76,2.91,6.2
2022-06-11,5-11yrs,,,1.86,1.16,0,,,1.39,1.95,0
2022-06-11,60+,,,29.96,3.85,6.88,,,23.45,4.12,5.94
2022-06-11,ALL,,,3.39,2.86,6.95,,,3.11,2.62,6.18
2022-06-12,0-4yrs,,,3.04,0,0,,,3.36,0,0
2022-06-12,12-17yrs,,,2.49,1.44,1.69,,,1.78,1.44,2.66
2022-06-12,18-39yrs,,,1.61,2.7,5.9,,,2.94,2.53,6.71
2022-06-12,40-59yrs,,,1.61,1.86,5.89,,,2.56,2.79,6.16
2022-06-12,5-11yrs,,,0.62,1.39,0,,,1.37,2.02,0
2022-06-12,60+,,,23.2,3.08,6.21,,,24.26,3.93,6.03
2022-06-12,ALL,,,2.41,2.24,5.92,,,3.13,2.56,6.17
2022-06-13,0-4yrs,,,1.24,0,0,,,3.14,0,0
2022-06-13,12-17yrs,,,0.62,0.32,0,,,1.6,1.39,2.5
2022-06-13,18-39yrs,,,1.77,1.48,3.67,,,2.92,2.53,6.71
2022-06-13,40-59yrs,,,1.84,1.18,3.07,,,2.5,2.71,6.08
2022-06-13,5-11yrs,,,0.31,1.16,0,,,1.22,2.08,0
2022-06-13,60+,,,20.59,3.47,3.04,,,24.48,4.09,5.78
2022-06-13,ALL,,,1.73,1.44,3.14,,,3.01,2.56,6.04
2022-06-14,0-4yrs,,,2.63,0,0,,,3,0,0
2022-06-14,12-17yrs,,,0,0.64,1.69,,,1.52,1.33,2.09
2022-06-14,18-39yrs,,,2.26,1.17,4.03,,,2.9,2.51,6.73
2022-06-14,40-59yrs,,,1.61,1.77,3.69,,,2.3,2.65,6.1
2022-06-14,5-11yrs,,,0.77,1.39,0,,,1.08,2.02,0
2022-06-14,60+,,,23.53,2.7,3.51,,,25.49,4.09,5.69
2022-06-14,ALL,,,2.33,1.44,3.66,,,2.92,2.52,6
2022-06-15,0-4yrs,,,2.21,0,0,,,2.59,0,0
2022-06-15,12-17yrs,,,0.62,1.12,5.05,,,1.25,1.14,2.33
2022-06-15,18-39yrs,,,3.22,2.44,8.84,,,2.74,2.42,6.65
2022-06-15,40-59yrs,,,2.99,1.52,6.89,,,2.1,2.3,5.81
2022-06-15,5-11yrs,,,1.55,2.77,0,,,0.99,1.69,0
2022-06-15,60+,,,29.31,3.66,6.58,,,26.92,3.88,5.63
2022-06-15,ALL,,,3.05,2.2,7.23,,,2.74,2.32,5.87
2022-06-16,0-4yrs,,,2.49,0,0,,,2.63,0,0
2022-06-16,12-17yrs,,,1.87,0.48,3.93,,,1.16,1.05,2.65
2022-06-16,18-39yrs,,,2.1,2.6,7.91,,,2.46,2.36,6.68
2022-06-16,40-59yrs,,,3.22,3.89,7.16,,,2.3,2.33,5.73
2022-06-16,5-11yrs,,,0.93,3.7,0,,,1.06,1.98,0
2022-06-16,60+,,,21.06,3.47,6.17,,,23.8,3.71,5.48
2022-06-16,ALL,,,2.6,2.84,6.88,,,2.65,2.3,5.8
2022-06-17,0-4yrs,,,4.01,0,0,,,2.59,0,0
2022-06-17,12-17yrs,,,0.62,0.8,1.12,,,1.07,0.87,2.25
2022-06-17,18-39yrs,,,3.55,3.56,10.18,,,2.6,2.44,6.98
2022-06-17,40-59yrs,,,2.3,2.2,7.07,,,2.37,2.27,5.72
2022-06-17,5-11yrs,,,0.77,2.08,0,,,0.97,1.95,0
2022-06-17,60+,,,18.36,3.48,6.71,,,23.72,3.39,5.59
2022-06-17,ALL,,,3.01,2.71,7.6,,,2.65,2.25,5.91
2022-06-18,0-4yrs,,,4.01,0,0,,,2.8,0,0
2022-06-18,12-17yrs,,,0.62,1.13,2.24,,,0.98,0.85,2.25
2022-06-18,18-39yrs,,,4.52,1.99,5.37,,,2.72,2.28,6.56
2022-06-18,40-59yrs,,,2.3,1.86,5.57,,,2.27,2.04,5.62
2022-06-18,5-11yrs,,,0,0.92,0,,,0.71,1.92,0
2022-06-18,60+,,,18.43,4.64,7.08,,,22.07,3.5,5.61
2022-06-18,ALL,,,3.05,2.03,6.05,,,2.6,2.13,5.78
2022-06-19,0-4yrs,,,2.07,0,0,,,2.67,0,0
2022-06-19,12-17yrs,,,2.49,1.29,1.12,,,0.98,0.83,2.16
2022-06-19,18-39yrs,,,1.94,2.09,5.32,,,2.77,2.19,6.47
2022-06-19,40-59yrs,,,2.77,2.62,4.48,,,2.43,2.15,5.42
2022-06-19,5-11yrs,,,0.47,2.54,0,,,0.69,2.08,0
2022-06-19,60+,,,29.85,4.64,5.9,,,23.02,3.72,5.57
2022-06-19,ALL,,,2.53,2.44,5.19,,,2.61,2.16,5.68
2022-06-20,0-4yrs,,,1.8,0,0,,,2.75,0,0
2022-06-20,12-17yrs,,,0,0.64,1.68,,,0.89,0.87,2.4
2022-06-20,18-39yrs,,,0.48,1.17,3.31,,,2.58,2.15,6.42
2022-06-20,40-59yrs,,,2.3,1.35,3.34,,,2.5,2.17,5.46
2022-06-20,5-11yrs,,,0.62,1.38,0,,,0.73,2.11,0
2022-06-20,60+,,,22.83,2.71,3.47,,,23.34,3.61,5.63
2022-06-20,ALL,,,1.73,1.33,3.34,,,2.61,2.14,5.71
2022-06-21,0-4yrs,,,1.94,0,0,,,2.65,0,0
2022-06-21,12-17yrs,,,0,0.97,3.91,,,0.89,0.92,2.72
2022-06-21,18-39yrs,,,3.71,0.87,4.85,,,2.79,2.1,6.54
2022-06-21,40-59yrs,,,4.84,1.27,4.52,,,2.96,2.1,5.58
2022-06-21,5-11yrs,,,1.86,1.84,0,,,0.89,2.18,0
2022-06-21,60+,,,21.59,4.06,4.35,,,23.06,3.81,5.75
2022-06-21,ALL,,,3.21,1.42,4.52,,,2.74,2.14,5.83
2022-06-22,0-4yrs,,,2.07,0,0,,,2.63,0,0
2022-06-22,12-17yrs,,,0.62,0.97,3.35,,,0.89,0.9,2.48
2022-06-22,18-39yrs,,,2.74,1.58,8.93,,,2.72,1.98,6.55
2022-06-22,40-59yrs,,,1.84,2.71,7.33,,,2.8,2.27,5.64
2022-06-22,5-11yrs,,,1.4,2.54,0,,,0.86,2.14,0
2022-06-22,60+,,,30.5,4.64,7.04,,,23.23,3.95,5.82
2022-06-22,ALL,,,2.68,2.2,7.54,,,2.69,2.14,5.87
2022-06-23,0-4yrs,,,3.73,0,0,,,2.8,0,0
2022-06-23,12-17yrs,,,0,1.29,2.79,,,0.62,1.01,2.32
2022-06-23,18-39yrs,,,4.2,2.39,8.93,,,3.02,1.95,6.7
2022-06-23,40-59yrs,,,0.92,3.21,8.42,,,2.47,2.17,5.82
2022-06-23,5-11yrs,,,1.55,1.38,0,,,0.95,1.81,0
2022-06-23,60+,,,21.91,5.03,8.69,,,23.35,4.17,6.18
2022-06-23,ALL,,,3.09,2.65,8.53,,,2.76,2.11,6.11